<metadata xml:lang="en"><Esri><CreaDate>20180723</CreaDate><CreaTime>09351500</CreaTime><ArcGISFormat>1.0</ArcGISFormat><SyncOnce>FALSE</SyncOnce><DataProperties><itemProps><itemName Sync="TRUE">ScheduleB</itemName><imsContentType Sync="TRUE">002</imsContentType><itemLocation><linkage Sync="TRUE">file://\\OLIVE\S04043\Gis\Requests\Mapping\AWCR\Deliverable_Nov2018\ScheduleB.shp</linkage><protocol Sync="TRUE">Local Area Network</protocol></itemLocation><itemSize Sync="TRUE">0.000</itemSize></itemProps><coordRef><type Sync="TRUE">Projected</type><geogcsn Sync="TRUE">GCS_North_American_1983</geogcsn><csUnits Sync="TRUE">Linear Unit: Meter (1.000000)</csUnits><projcsn Sync="TRUE">NAD83_BC_Albers</projcsn><peXml Sync="TRUE">&lt;ProjectedCoordinateSystem xsi:type='typens:ProjectedCoordinateSystem' xmlns:xsi='http://www.w3.org/2001/XMLSchema-instance' xmlns:xs='http://www.w3.org/2001/XMLSchema' xmlns:typens='http://www.esri.com/schemas/ArcGIS/10.6'&gt;&lt;WKT&gt;PROJCS[&amp;quot;NAD83_BC_Albers&amp;quot;,GEOGCS[&amp;quot;GCS_North_American_1983&amp;quot;,DATUM[&amp;quot;D_North_American_1983&amp;quot;,SPHEROID[&amp;quot;GRS_1980&amp;quot;,6378137.0,298.257222101]],PRIMEM[&amp;quot;Greenwich&amp;quot;,0.0],UNIT[&amp;quot;Degree&amp;quot;,0.0174532925199433]],PROJECTION[&amp;quot;Albers&amp;quot;],PARAMETER[&amp;quot;false_easting&amp;quot;,1000000.0],PARAMETER[&amp;quot;false_northing&amp;quot;,0.0],PARAMETER[&amp;quot;central_meridian&amp;quot;,-126.0],PARAMETER[&amp;quot;standard_parallel_1&amp;quot;,50.0],PARAMETER[&amp;quot;standard_parallel_2&amp;quot;,58.5],PARAMETER[&amp;quot;latitude_of_origin&amp;quot;,45.0],UNIT[&amp;quot;Meter&amp;quot;,1.0]]&lt;/WKT&gt;&lt;XOrigin&gt;-13239300&lt;/XOrigin&gt;&lt;YOrigin&gt;-8610100&lt;/YOrigin&gt;&lt;XYScale&gt;316279566.22660488&lt;/XYScale&gt;&lt;ZOrigin&gt;-100000&lt;/ZOrigin&gt;&lt;ZScale&gt;10000&lt;/ZScale&gt;&lt;MOrigin&gt;-100000&lt;/MOrigin&gt;&lt;MScale&gt;10000&lt;/MScale&gt;&lt;XYTolerance&gt;0.001&lt;/XYTolerance&gt;&lt;ZTolerance&gt;0.001&lt;/ZTolerance&gt;&lt;MTolerance&gt;0.001&lt;/MTolerance&gt;&lt;HighPrecision&gt;true&lt;/HighPrecision&gt;&lt;/ProjectedCoordinateSystem&gt;</peXml></coordRef><lineage><Process ToolSource="e:\sw_nt\arcgis\desktop10.6\ArcToolbox\Toolboxes\Data Management Tools.tbx\Merge" Date="20180723" Time="093522">Merge 'Type1Buffer selection';'Type2Buffer selection' S:\Gis\User_workspaces\MDykes\TIDYUP\AWCR\Databases\Working_20180723.gdb\Tier1_Buffer "LTHSTRTGRP "LTHSTRTGRP" true true false 254 Text 0 0 ,First,#,Type1Buffer selection,LTHSTRTGRP,-1,-1,Type2Buffer selection,LTHSTRTGRP,-1,-1;VULNRABLTY "VULNRABLTY" true true false 254 Text 0 0 ,First,#,Type1Buffer selection,VULNRABLTY,-1,-1,Type2Buffer selection,VULNRABLTY,-1,-1;VULN_CODE "VULN_CODE" true true false 254 Text 0 0 ,First,#,Type1Buffer selection,VULN_CODE,-1,-1,Type2Buffer selection,VULN_CODE,-1,-1;DEMND_CODE "DEMND_CODE" true true false 254 Text 0 0 ,First,#,Type1Buffer selection,DEMND_CODE,-1,-1,Type2Buffer selection,DEMND_CODE,-1,-1;DSCRPTVLCT "DSCRPTVLCT" true true false 254 Text 0 0 ,First,#,Type1Buffer selection,DSCRPTVLCT,-1,-1,Type2Buffer selection,DSCRPTVLCT,-1,-1;QFRRNKNGVL "QFRRNKNGVL" true true false 8 Double 0 0 ,First,#,Type1Buffer selection,QFRRNKNGVL,-1,-1,Type2Buffer selection,QFRRNKNGVL,-1,-1;QFRNM "QFRNM" true true false 254 Text 0 0 ,First,#,Type1Buffer selection,QFRNM,-1,-1,Type2Buffer selection,QFRNM,-1,-1;DJNNGMPSHT "DJNNGMPSHT" true true false 254 Text 0 0 ,First,#,Type1Buffer selection,DJNNGMPSHT,-1,-1,Type2Buffer selection,DJNNGMPSHT,-1,-1;AQ_MATERLS "AQ_MATERLS" true true false 254 Text 0 0 ,First,#,Type1Buffer selection,AQ_MATERLS,-1,-1,Type2Buffer selection,AQ_MATERLS,-1,-1;AQ_CLASS "AQ_CLASS" true true false 254 Text 0 0 ,First,#,Type1Buffer selection,AQ_CLASS,-1,-1,Type2Buffer selection,AQ_CLASS,-1,-1;AQNAME "AQNAME" true true false 254 Text 0 0 ,First,#,Type1Buffer selection,AQNAME,-1,-1,Type2Buffer selection,AQNAME,-1,-1;OBJECTID "OBJECTID" true true false 8 Double 0 0 ,First,#,Type1Buffer selection,OBJECTID,-1,-1,Type2Buffer selection,OBJECTID,-1,-1;CLASS_CODE "CLASS_CODE" true true false 254 Text 0 0 ,First,#,Type1Buffer selection,CLASS_CODE,-1,-1,Type2Buffer selection,CLASS_CODE,-1,-1;QUAN_CONCN "QUAN_CONCN" true true false 254 Text 0 0 ,First,#,Type1Buffer selection,QUAN_CONCN,-1,-1,Type2Buffer selection,QUAN_CONCN,-1,-1;AQ_TAG "AQ_TAG" true true false 254 Text 0 0 ,First,#,Type1Buffer selection,AQ_TAG,-1,-1,Type2Buffer selection,AQ_TAG,-1,-1;AQ_NUMBER "AQ_NUMBER" true true false 254 Text 0 0 ,First,#,Type1Buffer selection,AQ_NUMBER,-1,-1,Type2Buffer selection,AQ_NUMBER,-1,-1;AREA "AREA" true true false 254 Text 0 0 ,First,#,Type1Buffer selection,AREA,-1,-1,Type2Buffer selection,AREA,-1,-1;DEMAND "DEMAND" true true false 254 Text 0 0 ,First,#,Type1Buffer selection,DEMAND,-1,-1,Type2Buffer selection,DEMAND,-1,-1;TYP_WTR_US "TYP_WTR_US" true true false 254 Text 0 0 ,First,#,Type1Buffer selection,TYP_WTR_US,-1,-1,Type2Buffer selection,TYP_WTR_US,-1,-1;SIZE_KM2 "SIZE_KM2" true true false 8 Double 0 0 ,First,#,Type1Buffer selection,SIZE_KM2,-1,-1,Type2Buffer selection,SIZE_KM2,-1,-1;QUAL_CONCN "QUAL_CONCN" true true false 254 Text 0 0 ,First,#,Type1Buffer selection,QUAL_CONCN,-1,-1,Type2Buffer selection,QUAL_CONCN,-1,-1;SBTYPE_CD "SBTYPE_CD" true true false 254 Text 0 0 ,First,#,Type1Buffer selection,SBTYPE_CD,-1,-1,Type2Buffer selection,SBTYPE_CD,-1,-1;DESC_R_URL "DESC_R_URL" true true false 254 Text 0 0 ,First,#,Type1Buffer selection,DESC_R_URL,-1,-1,Type2Buffer selection,DESC_R_URL,-1,-1;STAT_R_URL "STAT_R_URL" true true false 254 Text 0 0 ,First,#,Type1Buffer selection,STAT_R_URL,-1,-1,Type2Buffer selection,STAT_R_URL,-1,-1;PROD_CODE "PROD_CODE" true true false 254 Text 0 0 ,First,#,Type1Buffer selection,PROD_CODE,-1,-1,Type2Buffer selection,PROD_CODE,-1,-1;PRODUCTVTY "PRODUCTVTY" true true false 254 Text 0 0 ,First,#,Type1Buffer selection,PRODUCTVTY,-1,-1,Type2Buffer selection,PRODUCTVTY,-1,-1;PERIMETER "PERIMETER" true true false 8 Double 0 0 ,First,#,Type1Buffer selection,PERIMETER,-1,-1,Type2Buffer selection,PERIMETER,-1,-1;FEAT_CODE "FEAT_CODE" true true false 254 Text 0 0 ,First,#,Type1Buffer selection,FEAT_CODE,-1,-1,Type2Buffer selection,FEAT_CODE,-1,-1;Title "Title" true true false 254 Text 0 0 ,First,#,Type1Buffer selection,Title,-1,-1,Type2Buffer selection,Title,-1,-1;URL "URL" true true false 254 Text 0 0 ,First,#,Type1Buffer selection,URL,-1,-1,Type2Buffer selection,URL,-1,-1;Shape_Length "Shape_Length" false true true 8 Double 0 0 ,First,#,Type1Buffer selection,Shape_Length,-1,-1,Type2Buffer selection,Shape_Length,-1,-1;Shape_Area "Shape_Area" false true true 8 Double 0 0 ,First,#,Type1Buffer selection,Shape_Area,-1,-1,Type2Buffer selection,Shape_Area,-1,-1"</Process><Process ToolSource="e:\sw_nt\arcgis\desktop10.3\ArcToolbox\Toolboxes\Data Management Tools.tbx\CalculateField" Date="20181030" Time="091420">CalculateField "Other Vulnerable Aquifer Recharge Areas" UTM_ZONE 10 VB #</Process><Process ToolSource="e:\sw_nt\arcgis\desktop10.3\ArcToolbox\Toolboxes\Data Management Tools.tbx\CalculateField" Date="20181030" Time="091428">CalculateField "Other Vulnerable Aquifer Recharge Areas" UTM_ZONE 11 VB #</Process><Process ToolSource="e:\sw_nt\arcgis\pro\Resources\ArcToolbox\toolboxes\Data Management Tools.tbx\UpdateSchema" Date="20181031" Time="144024">UpdateSchema "CIMDATA=&lt;CIMStandardDataConnection xsi:type='typens:CIMStandardDataConnection' xmlns:xsi='http://www.w3.org/2001/XMLSchema-instance' xmlns:xs='http://www.w3.org/2001/XMLSchema' xmlns:typens='http://www.esri.com/schemas/ArcGIS/2.2.0'&gt;&lt;WorkspaceConnectionString&gt;DATABASE=M:\mdykes\HighRisk_MoE_Work\Working.gdb&lt;/WorkspaceConnectionString&gt;&lt;WorkspaceFactory&gt;FileGDB&lt;/WorkspaceFactory&gt;&lt;Dataset&gt;ScheduleB&lt;/Dataset&gt;&lt;DatasetType&gt;esriDTFeatureClass&lt;/DatasetType&gt;&lt;/CIMStandardDataConnection&gt;" &lt;operationSequence&gt;&lt;workflow&gt;&lt;AddField&gt;&lt;field_name&gt;SPATIALREF&lt;/field_name&gt;&lt;field_type&gt;LONG&lt;/field_type&gt;&lt;field_alias&gt;SPATIALREF&lt;/field_alias&gt;&lt;field_is_nullable&gt;True&lt;/field_is_nullable&gt;&lt;field_is_required&gt;False&lt;/field_is_required&gt;&lt;/AddField&gt;&lt;/workflow&gt;&lt;/operationSequence&gt;</Process><Process ToolSource="e:\sw_nt\arcgis\pro\Resources\ArcToolbox\toolboxes\Data Management Tools.tbx\CalculateField" Date="20181031" Time="144204">CalculateField "ScheduleB Display Current" SPATIALREF 26910 "Python 3" #</Process><Process ToolSource="e:\sw_nt\arcgis\pro\Resources\ArcToolbox\toolboxes\Data Management Tools.tbx\CalculateField" Date="20181031" Time="144447">CalculateField "ScheduleB Display Current" SPATIALREF 26911 "Python 3" #</Process></lineage></DataProperties><SyncDate>20181130</SyncDate><SyncTime>13243800</SyncTime><ModDate>20181130</ModDate><ModTime>13243800</ModTime></Esri><dataIdInfo><envirDesc Sync="TRUE"> Version 6.2 (Build 9200) ; Esri ArcGIS 10.6.1.9270</envirDesc><dataLang><languageCode value="eng" Sync="TRUE"></languageCode><countryCode value="CAN" Sync="TRUE"></countryCode></dataLang><idCitation><resTitle Sync="TRUE">ScheduleB</resTitle><presForm><PresFormCd value="005" Sync="TRUE"></PresFormCd></presForm></idCitation><spatRpType><SpatRepTypCd value="001" Sync="TRUE"></SpatRepTypCd></spatRpType></dataIdInfo><mdLang><languageCode value="eng" Sync="TRUE"></languageCode><countryCode value="CAN" Sync="TRUE"></countryCode></mdLang><distInfo><distFormat><formatName Sync="TRUE">Shapefile</formatName></distFormat><distTranOps><transSize Sync="TRUE">0.000</transSize></distTranOps></distInfo><mdHrLv><ScopeCd value="005" Sync="TRUE"></ScopeCd></mdHrLv><mdHrLvName Sync="TRUE">dataset</mdHrLvName><refSysInfo><RefSystem><refSysID><identCode code="0" Sync="TRUE"></identCode></refSysID></RefSystem></refSysInfo><spatRepInfo><VectSpatRep><geometObjs Name="ScheduleB"><geoObjTyp><GeoObjTypCd value="002" Sync="TRUE"></GeoObjTypCd></geoObjTyp><geoObjCnt Sync="TRUE">0</geoObjCnt></geometObjs><topLvl><TopoLevCd value="001" Sync="TRUE"></TopoLevCd></topLvl></VectSpatRep></spatRepInfo><spdoinfo><ptvctinf><esriterm Name="ScheduleB"><efeatyp Sync="TRUE">Simple</efeatyp><efeageom code="4" Sync="TRUE"></efeageom><esritopo Sync="TRUE">FALSE</esritopo><efeacnt Sync="TRUE">0</efeacnt><spindex Sync="TRUE">FALSE</spindex><linrefer Sync="TRUE">FALSE</linrefer></esriterm></ptvctinf></spdoinfo><eainfo><detailed Name="ScheduleB"><enttyp><enttypl Sync="TRUE">ScheduleB</enttypl><enttypt Sync="TRUE">Feature Class</enttypt><enttypc Sync="TRUE">0</enttypc></enttyp><attr><attrlabl Sync="TRUE">FID</attrlabl><attalias Sync="TRUE">FID</attalias><attrtype Sync="TRUE">OID</attrtype><attwidth Sync="TRUE">4</attwidth><atprecis Sync="TRUE">0</atprecis><attscale Sync="TRUE">0</attscale><attrdef Sync="TRUE">Internal feature number.</attrdef><attrdefs Sync="TRUE">Esri</attrdefs><attrdomv><udom Sync="TRUE">Sequential unique whole numbers that are automatically generated.</udom></attrdomv></attr><attr><attrlabl Sync="TRUE">Shape</attrlabl><attalias Sync="TRUE">Shape</attalias><attrtype Sync="TRUE">Geometry</attrtype><attwidth Sync="TRUE">0</attwidth><atprecis Sync="TRUE">0</atprecis><attscale Sync="TRUE">0</attscale><attrdef Sync="TRUE">Feature geometry.</attrdef><attrdefs Sync="TRUE">Esri</attrdefs><attrdomv><udom Sync="TRUE">Coordinates defining the features.</udom></attrdomv></attr><attr><attrlabl Sync="TRUE">LTHSTRTGRP</attrlabl><attalias Sync="TRUE">LTHSTRTGRP</attalias><attrtype Sync="TRUE">String</attrtype><attwidth Sync="TRUE">254</attwidth><atprecis Sync="TRUE">0</atprecis><attscale Sync="TRUE">0</attscale></attr><attr><attrlabl Sync="TRUE">VULNRABLTY</attrlabl><attalias Sync="TRUE">VULNRABLTY</attalias><attrtype Sync="TRUE">String</attrtype><attwidth Sync="TRUE">254</attwidth><atprecis Sync="TRUE">0</atprecis><attscale Sync="TRUE">0</attscale></attr><attr><attrlabl Sync="TRUE">VULN_CODE</attrlabl><attalias Sync="TRUE">VULN_CODE</attalias><attrtype Sync="TRUE">String</attrtype><attwidth Sync="TRUE">254</attwidth><atprecis Sync="TRUE">0</atprecis><attscale Sync="TRUE">0</attscale></attr><attr><attrlabl Sync="TRUE">DEMND_CODE</attrlabl><attalias Sync="TRUE">DEMND_CODE</attalias><attrtype Sync="TRUE">String</attrtype><attwidth Sync="TRUE">254</attwidth><atprecis Sync="TRUE">0</atprecis><attscale Sync="TRUE">0</attscale></attr><attr><attrlabl Sync="TRUE">DSCRPTVLCT</attrlabl><attalias Sync="TRUE">DSCRPTVLCT</attalias><attrtype Sync="TRUE">String</attrtype><attwidth Sync="TRUE">254</attwidth><atprecis Sync="TRUE">0</atprecis><attscale Sync="TRUE">0</attscale></attr><attr><attrlabl Sync="TRUE">QFRRNKNGVL</attrlabl><attalias Sync="TRUE">QFRRNKNGVL</attalias><attrtype Sync="TRUE">Double</attrtype><attwidth Sync="TRUE">19</attwidth><atprecis Sync="TRUE">0</atprecis><attscale Sync="TRUE">0</attscale></attr><attr><attrlabl Sync="TRUE">QFRNM</attrlabl><attalias Sync="TRUE">QFRNM</attalias><attrtype Sync="TRUE">String</attrtype><attwidth Sync="TRUE">254</attwidth><atprecis Sync="TRUE">0</atprecis><attscale Sync="TRUE">0</attscale></attr><attr><attrlabl Sync="TRUE">DJNNGMPSHT</attrlabl><attalias Sync="TRUE">DJNNGMPSHT</attalias><attrtype Sync="TRUE">String</attrtype><attwidth Sync="TRUE">254</attwidth><atprecis Sync="TRUE">0</atprecis><attscale Sync="TRUE">0</attscale></attr><attr><attrlabl Sync="TRUE">AQ_MATERLS</attrlabl><attalias Sync="TRUE">AQ_MATERLS</attalias><attrtype Sync="TRUE">String</attrtype><attwidth Sync="TRUE">254</attwidth><atprecis Sync="TRUE">0</atprecis><attscale Sync="TRUE">0</attscale></attr><attr><attrlabl Sync="TRUE">AQ_CLASS</attrlabl><attalias Sync="TRUE">AQ_CLASS</attalias><attrtype Sync="TRUE">String</attrtype><attwidth Sync="TRUE">254</attwidth><atprecis Sync="TRUE">0</atprecis><attscale Sync="TRUE">0</attscale></attr><attr><attrlabl Sync="TRUE">AQNAME</attrlabl><attalias Sync="TRUE">AQNAME</attalias><attrtype Sync="TRUE">String</attrtype><attwidth Sync="TRUE">254</attwidth><atprecis Sync="TRUE">0</atprecis><attscale Sync="TRUE">0</attscale></attr><attr><attrlabl Sync="TRUE">OBJECTID</attrlabl><attalias Sync="TRUE">OBJECTID</attalias><attrtype Sync="TRUE">Double</attrtype><attwidth Sync="TRUE">19</attwidth><atprecis Sync="TRUE">0</atprecis><attscale Sync="TRUE">0</attscale></attr><attr><attrlabl Sync="TRUE">CLASS_CODE</attrlabl><attalias Sync="TRUE">CLASS_CODE</attalias><attrtype Sync="TRUE">String</attrtype><attwidth Sync="TRUE">254</attwidth><atprecis Sync="TRUE">0</atprecis><attscale Sync="TRUE">0</attscale></attr><attr><attrlabl Sync="TRUE">QUAN_CONCN</attrlabl><attalias Sync="TRUE">QUAN_CONCN</attalias><attrtype Sync="TRUE">String</attrtype><attwidth Sync="TRUE">254</attwidth><atprecis Sync="TRUE">0</atprecis><attscale Sync="TRUE">0</attscale></attr><attr><attrlabl Sync="TRUE">AQ_TAG</attrlabl><attalias Sync="TRUE">AQ_TAG</attalias><attrtype Sync="TRUE">String</attrtype><attwidth Sync="TRUE">254</attwidth><atprecis Sync="TRUE">0</atprecis><attscale Sync="TRUE">0</attscale></attr><attr><attrlabl Sync="TRUE">AQ_NUMBER</attrlabl><attalias Sync="TRUE">AQ_NUMBER</attalias><attrtype Sync="TRUE">String</attrtype><attwidth Sync="TRUE">254</attwidth><atprecis Sync="TRUE">0</atprecis><attscale Sync="TRUE">0</attscale></attr><attr><attrlabl Sync="TRUE">AREA</attrlabl><attalias Sync="TRUE">AREA</attalias><attrtype Sync="TRUE">String</attrtype><attwidth Sync="TRUE">254</attwidth><atprecis Sync="TRUE">0</atprecis><attscale Sync="TRUE">0</attscale></attr><attr><attrlabl Sync="TRUE">DEMAND</attrlabl><attalias Sync="TRUE">DEMAND</attalias><attrtype Sync="TRUE">String</attrtype><attwidth Sync="TRUE">254</attwidth><atprecis Sync="TRUE">0</atprecis><attscale Sync="TRUE">0</attscale></attr><attr><attrlabl Sync="TRUE">TYP_WTR_US</attrlabl><attalias Sync="TRUE">TYP_WTR_US</attalias><attrtype Sync="TRUE">String</attrtype><attwidth Sync="TRUE">254</attwidth><atprecis Sync="TRUE">0</atprecis><attscale Sync="TRUE">0</attscale></attr><attr><attrlabl Sync="TRUE">SIZE_KM2</attrlabl><attalias Sync="TRUE">SIZE_KM2</attalias><attrtype Sync="TRUE">Double</attrtype><attwidth Sync="TRUE">19</attwidth><atprecis Sync="TRUE">0</atprecis><attscale Sync="TRUE">0</attscale></attr><attr><attrlabl Sync="TRUE">QUAL_CONCN</attrlabl><attalias Sync="TRUE">QUAL_CONCN</attalias><attrtype Sync="TRUE">String</attrtype><attwidth Sync="TRUE">254</attwidth><atprecis Sync="TRUE">0</atprecis><attscale Sync="TRUE">0</attscale></attr><attr><attrlabl Sync="TRUE">SBTYPE_CD</attrlabl><attalias Sync="TRUE">SBTYPE_CD</attalias><attrtype Sync="TRUE">String</attrtype><attwidth Sync="TRUE">254</attwidth><atprecis Sync="TRUE">0</atprecis><attscale Sync="TRUE">0</attscale></attr><attr><attrlabl Sync="TRUE">DESC_R_URL</attrlabl><attalias Sync="TRUE">DESC_R_URL</attalias><attrtype Sync="TRUE">String</attrtype><attwidth Sync="TRUE">254</attwidth><atprecis Sync="TRUE">0</atprecis><attscale Sync="TRUE">0</attscale></attr><attr><attrlabl Sync="TRUE">STAT_R_URL</attrlabl><attalias Sync="TRUE">STAT_R_URL</attalias><attrtype Sync="TRUE">String</attrtype><attwidth Sync="TRUE">254</attwidth><atprecis Sync="TRUE">0</atprecis><attscale Sync="TRUE">0</attscale></attr><attr><attrlabl Sync="TRUE">PROD_CODE</attrlabl><attalias Sync="TRUE">PROD_CODE</attalias><attrtype Sync="TRUE">String</attrtype><attwidth Sync="TRUE">254</attwidth><atprecis Sync="TRUE">0</atprecis><attscale Sync="TRUE">0</attscale></attr><attr><attrlabl Sync="TRUE">PRODUCTVTY</attrlabl><attalias Sync="TRUE">PRODUCTVTY</attalias><attrtype Sync="TRUE">String</attrtype><attwidth Sync="TRUE">254</attwidth><atprecis Sync="TRUE">0</atprecis><attscale Sync="TRUE">0</attscale></attr><attr><attrlabl Sync="TRUE">PERIMETER</attrlabl><attalias Sync="TRUE">PERIMETER</attalias><attrtype Sync="TRUE">Double</attrtype><attwidth Sync="TRUE">19</attwidth><atprecis Sync="TRUE">0</atprecis><attscale Sync="TRUE">0</attscale></attr><attr><attrlabl Sync="TRUE">FEAT_CODE</attrlabl><attalias Sync="TRUE">FEAT_CODE</attalias><attrtype Sync="TRUE">String</attrtype><attwidth Sync="TRUE">254</attwidth><atprecis Sync="TRUE">0</atprecis><attscale Sync="TRUE">0</attscale></attr><attr><attrlabl Sync="TRUE">Title</attrlabl><attalias Sync="TRUE">Title</attalias><attrtype Sync="TRUE">String</attrtype><attwidth Sync="TRUE">254</attwidth><atprecis Sync="TRUE">0</atprecis><attscale Sync="TRUE">0</attscale></attr><attr><attrlabl Sync="TRUE">URL</attrlabl><attalias Sync="TRUE">URL</attalias><attrtype Sync="TRUE">String</attrtype><attwidth Sync="TRUE">254</attwidth><atprecis Sync="TRUE">0</atprecis><attscale Sync="TRUE">0</attscale></attr><attr><attrlabl Sync="TRUE">Shape_Leng</attrlabl><attalias Sync="TRUE">Shape_Leng</attalias><attrtype Sync="TRUE">Double</attrtype><attwidth Sync="TRUE">19</attwidth><atprecis Sync="TRUE">0</atprecis><attscale Sync="TRUE">0</attscale></attr><attr><attrlabl Sync="TRUE">FCODE</attrlabl><attalias Sync="TRUE">FCODE</attalias><attrtype Sync="TRUE">String</attrtype><attwidth Sync="TRUE">10</attwidth><atprecis Sync="TRUE">0</atprecis><attscale Sync="TRUE">0</attscale></attr><attr><attrlabl Sync="TRUE">AQUIFER_NU</attrlabl><attalias Sync="TRUE">AQUIFER_NU</attalias><attrtype Sync="TRUE">String</attrtype><attwidth Sync="TRUE">16</attwidth><atprecis Sync="TRUE">0</atprecis><attscale Sync="TRUE">0</attscale></attr><attr><attrlabl Sync="TRUE">AQUIFER_MA</attrlabl><attalias Sync="TRUE">AQUIFER_MA</attalias><attrtype Sync="TRUE">String</attrtype><attwidth Sync="TRUE">18</attwidth><atprecis Sync="TRUE">0</atprecis><attscale Sync="TRUE">0</attscale></attr><attr><attrlabl Sync="TRUE">PRODUCTIVI</attrlabl><attalias Sync="TRUE">PRODUCTIVI</attalias><attrtype Sync="TRUE">String</attrtype><attwidth Sync="TRUE">12</attwidth><atprecis Sync="TRUE">0</atprecis><attscale Sync="TRUE">0</attscale></attr><attr><attrlabl Sync="TRUE">VULNERABIL</attrlabl><attalias Sync="TRUE">VULNERABIL</attalias><attrtype Sync="TRUE">String</attrtype><attwidth Sync="TRUE">13</attwidth><atprecis Sync="TRUE">0</atprecis><attscale Sync="TRUE">0</attscale></attr><attr><attrlabl Sync="TRUE">AQUIFER_CL</attrlabl><attalias Sync="TRUE">AQUIFER_CL</attalias><attrtype Sync="TRUE">String</attrtype><attwidth Sync="TRUE">30</attwidth><atprecis Sync="TRUE">0</atprecis><attscale Sync="TRUE">0</attscale></attr><attr><attrlabl Sync="TRUE">ADJOINING_</attrlabl><attalias Sync="TRUE">ADJOINING_</attalias><attrtype Sync="TRUE">String</attrtype><attwidth Sync="TRUE">3</attwidth><atprecis Sync="TRUE">0</atprecis><attscale Sync="TRUE">0</attscale></attr><attr><attrlabl Sync="TRUE">AQUIFER_NA</attrlabl><attalias Sync="TRUE">AQUIFER_NA</attalias><attrtype Sync="TRUE">String</attrtype><attwidth Sync="TRUE">60</attwidth><atprecis Sync="TRUE">0</atprecis><attscale Sync="TRUE">0</attscale></attr><attr><attrlabl Sync="TRUE">AQUIFER_RA</attrlabl><attalias Sync="TRUE">AQUIFER_RA</attalias><attrtype Sync="TRUE">Double</attrtype><attwidth Sync="TRUE">19</attwidth><atprecis Sync="TRUE">0</atprecis><attscale Sync="TRUE">0</attscale></attr><attr><attrlabl Sync="TRUE">DESCRIPTIV</attrlabl><attalias Sync="TRUE">DESCRIPTIV</attalias><attrtype Sync="TRUE">String</attrtype><attwidth Sync="TRUE">42</attwidth><atprecis Sync="TRUE">0</atprecis><attscale Sync="TRUE">0</attscale></attr><attr><attrlabl Sync="TRUE">LITHO_STRA</attrlabl><attalias Sync="TRUE">LITHO_STRA</attalias><attrtype Sync="TRUE">String</attrtype><attwidth Sync="TRUE">78</attwidth><atprecis Sync="TRUE">0</atprecis><attscale Sync="TRUE">0</attscale></attr><attr><attrlabl Sync="TRUE">QUALITY_CO</attrlabl><attalias Sync="TRUE">QUALITY_CO</attalias><attrtype Sync="TRUE">String</attrtype><attwidth Sync="TRUE">40</attwidth><atprecis Sync="TRUE">0</atprecis><attscale Sync="TRUE">0</attscale></attr><attr><attrlabl Sync="TRUE">AQUIFER_DE</attrlabl><attalias Sync="TRUE">AQUIFER_DE</attalias><attrtype Sync="TRUE">String</attrtype><attwidth Sync="TRUE">91</attwidth><atprecis Sync="TRUE">0</atprecis><attscale Sync="TRUE">0</attscale></attr><attr><attrlabl Sync="TRUE">AQUIFER_ST</attrlabl><attalias Sync="TRUE">AQUIFER_ST</attalias><attrtype Sync="TRUE">String</attrtype><attwidth Sync="TRUE">91</attwidth><atprecis Sync="TRUE">0</atprecis><attscale Sync="TRUE">0</attscale></attr><attr><attrlabl Sync="TRUE">AQUIFER_SU</attrlabl><attalias Sync="TRUE">AQUIFER_SU</attalias><attrtype Sync="TRUE">String</attrtype><attwidth Sync="TRUE">10</attwidth><atprecis Sync="TRUE">0</atprecis><attscale Sync="TRUE">0</attscale></attr><attr><attrlabl Sync="TRUE">QUANTITY_C</attrlabl><attalias Sync="TRUE">QUANTITY_C</attalias><attrtype Sync="TRUE">String</attrtype><attwidth Sync="TRUE">40</attwidth><atprecis Sync="TRUE">0</atprecis><attscale Sync="TRUE">0</attscale></attr><attr><attrlabl Sync="TRUE">TYPE_OF_WA</attrlabl><attalias Sync="TRUE">TYPE_OF_WA</attalias><attrtype Sync="TRUE">String</attrtype><attwidth Sync="TRUE">21</attwidth><atprecis Sync="TRUE">0</atprecis><attscale Sync="TRUE">0</attscale></attr><attr><attrlabl Sync="TRUE">PRODUCTI_1</attrlabl><attalias Sync="TRUE">PRODUCTI_1</attalias><attrtype Sync="TRUE">String</attrtype><attwidth Sync="TRUE">6</attwidth><atprecis Sync="TRUE">0</atprecis><attscale Sync="TRUE">0</attscale></attr><attr><attrlabl Sync="TRUE">DEMAND_COD</attrlabl><attalias Sync="TRUE">DEMAND_COD</attalias><attrtype Sync="TRUE">String</attrtype><attwidth Sync="TRUE">6</attwidth><atprecis Sync="TRUE">0</atprecis><attscale Sync="TRUE">0</attscale></attr><attr><attrlabl Sync="TRUE">VULNERAB_1</attrlabl><attalias Sync="TRUE">VULNERAB_1</attalias><attrtype Sync="TRUE">String</attrtype><attwidth Sync="TRUE">6</attwidth><atprecis Sync="TRUE">0</atprecis><attscale Sync="TRUE">0</attscale></attr><attr><attrlabl Sync="TRUE">CLASSIFICA</attrlabl><attalias Sync="TRUE">CLASSIFICA</attalias><attrtype Sync="TRUE">String</attrtype><attwidth Sync="TRUE">32</attwidth><atprecis Sync="TRUE">0</atprecis><attscale Sync="TRUE">0</attscale></attr><attr><attrlabl Sync="TRUE">FEATURE_AR</attrlabl><attalias Sync="TRUE">FEATURE_AR</attalias><attrtype Sync="TRUE">Double</attrtype><attwidth Sync="TRUE">19</attwidth><atprecis Sync="TRUE">0</atprecis><attscale Sync="TRUE">0</attscale></attr><attr><attrlabl Sync="TRUE">FEATURE_LE</attrlabl><attalias Sync="TRUE">FEATURE_LE</attalias><attrtype Sync="TRUE">Double</attrtype><attwidth Sync="TRUE">19</attwidth><atprecis Sync="TRUE">0</atprecis><attscale Sync="TRUE">0</attscale></attr><attr><attrlabl Sync="TRUE">BUFF_DIST</attrlabl><attalias Sync="TRUE">BUFF_DIST</attalias><attrtype Sync="TRUE">Double</attrtype><attwidth Sync="TRUE">19</attwidth><atprecis Sync="TRUE">0</atprecis><attscale Sync="TRUE">0</attscale></attr><attr><attrlabl Sync="TRUE">ORIG_FID</attrlabl><attalias Sync="TRUE">ORIG_FID</attalias><attrtype Sync="TRUE">Integer</attrtype><attwidth Sync="TRUE">10</attwidth><atprecis Sync="TRUE">10</atprecis><attscale Sync="TRUE">0</attscale></attr><attr><attrlabl Sync="TRUE">GEOMETRY_L</attrlabl><attalias Sync="TRUE">GEOMETRY_L</attalias><attrtype Sync="TRUE">Double</attrtype><attwidth Sync="TRUE">19</attwidth><atprecis Sync="TRUE">0</atprecis><attscale Sync="TRUE">0</attscale></attr><attr><attrlabl Sync="TRUE">GEOMETRY_A</attrlabl><attalias Sync="TRUE">GEOMETRY_A</attalias><attrtype Sync="TRUE">Double</attrtype><attwidth Sync="TRUE">19</attwidth><atprecis Sync="TRUE">0</atprecis><attscale Sync="TRUE">0</attscale></attr><attr><attrlabl Sync="TRUE">Shape_Le_1</attrlabl><attalias Sync="TRUE">Shape_Le_1</attalias><attrtype Sync="TRUE">Double</attrtype><attwidth Sync="TRUE">19</attwidth><atprecis Sync="TRUE">0</atprecis><attscale Sync="TRUE">0</attscale></attr><attr><attrlabl Sync="TRUE">Shape_Area</attrlabl><attalias Sync="TRUE">Shape_Area</attalias><attrtype Sync="TRUE">Double</attrtype><attwidth Sync="TRUE">19</attwidth><atprecis Sync="TRUE">0</atprecis><attscale Sync="TRUE">0</attscale><attrdef Sync="TRUE">Area of feature in internal units squared.</attrdef><attrdefs Sync="TRUE">Esri</attrdefs><attrdomv><udom Sync="TRUE">Positive real numbers that are automatically generated.</udom></attrdomv></attr><attr><attrlabl Sync="TRUE">MAPNAME</attrlabl><attalias Sync="TRUE">MAPNAME</attalias><attrtype Sync="TRUE">String</attrtype><attwidth Sync="TRUE">30</attwidth><atprecis Sync="TRUE">0</atprecis><attscale Sync="TRUE">0</attscale></attr><attr><attrlabl Sync="TRUE">MAP_NO</attrlabl><attalias Sync="TRUE">MAP_NO</attalias><attrtype Sync="TRUE">String</attrtype><attwidth Sync="TRUE">10</attwidth><atprecis Sync="TRUE">0</atprecis><attscale Sync="TRUE">0</attscale></attr><attr><attrlabl Sync="TRUE">UTM_ZONE</attrlabl><attalias Sync="TRUE">UTM_ZONE</attalias><attrtype Sync="TRUE">String</attrtype><attwidth Sync="TRUE">10</attwidth><atprecis Sync="TRUE">0</atprecis><attscale Sync="TRUE">0</attscale></attr><attr><attrlabl Sync="TRUE">SCALE_CLS</attrlabl><attalias Sync="TRUE">SCALE_CLS</attalias><attrtype Sync="TRUE">String</attrtype><attwidth Sync="TRUE">2</attwidth><atprecis Sync="TRUE">0</atprecis><attscale Sync="TRUE">0</attscale></attr><attr><attrlabl Sync="TRUE">SPATIALREF</attrlabl><attalias Sync="TRUE">SPATIALREF</attalias><attrtype Sync="TRUE">Integer</attrtype><attwidth Sync="TRUE">10</attwidth><atprecis Sync="TRUE">10</atprecis><attscale Sync="TRUE">0</attscale></attr></detailed></eainfo><mdDateSt Sync="TRUE">20181130</mdDateSt></metadata>
